,Id,City,Country,CoL,lat,lon
0,1,Hamilton, Bermuda,144.97,32.2956076,-64.7827048
1,2,Zurich, Switzerland,137.96,47.3744489,8.5410422
2,3,Basel, Switzerland,137.62,47.5581077,7.5878261
3,4,Lugano, Switzerland,137.17,46.0050102,8.9520281
4,5,Lausanne, Switzerland,134.43,46.5218269,6.6327025
5,6,Geneva, Switzerland,132.16,46.2017559,6.1466014
6,7,Bern, Switzerland,127.24,46.9482713,7.4514512
7,8,Tromso, Norway,112.95,69.649208,18.9543434
8,9,Stavanger, Norway,107.83,59.1020129,5.7126114
9,10,Trondheim, Norway,105.83,63.4305658,10.3951929
10,11,Oslo, Norway,105.46,59.9133301,10.7389701
11,12,Bergen, Norway,103.72,60.3943055,5.3259192
12,13,Reykjavik, Iceland,102.23,64.145981,-21.9422367
13,14,New York, NY,100.0,40.7127281,-74.0060152
14,15,Copenhagen, Denmark,99.27,55.6867243,12.5700724
15,16,Nagoya, Japan,98.55,35.1851045,136.8998438
16,17,Dubrovnik, Croatia,96.24,42.6502473,18.0924947
17,18,Arhus, Denmark,96.17,56.1496278,10.2134046
18,19,Paris, France,95.65,48.8566969,2.3514616
19,20,Tel Aviv-Yafo, Israel,95.55,32.0852997,34.7818064
20,21,Honolulu, HI,95.53,21.304547,-157.8556764
21,22,Aalborg, Denmark,95.3,57.0462626,9.9215263
22,23,Alexandria, VA,93.26,38.8051095,-77.0470229
23,24,San Francisco, CA,92.6,37.7790262,-122.4199061
24,25,Anchorage, AK,92.15,61.2163129,-149.894852
25,26,Luxembourg, Luxembourg,91.74,49.8158683,6.1296751
26,27,Tokyo, Japan,90.67,35.6828387,139.7594549
27,28,Oakland, CA,90.09,44.4521637,-64.3551639
28,29,Seattle, WA,89.87,47.6038321,-122.3300624
29,30,Queens, NY,89.09,40.7498243,-73.7976337
30,31,Nassau, Bahamas,88.84,25.0783456,-77.3383331
31,32,Boston, MA,88.71,42.3602534,-71.0582912
32,33,Stockholm, Sweden,88.66,59.3251172,18.0710935
33,34,Amsterdam, Netherlands,88.45,52.3727598,4.8936041
34,35,Dublin, Ireland,88.39,53.3497645,-6.2602732
35,36,Seoul, South Korea,88.32,37.5666791,126.9782914
36,37,Sydney, Australia,87.84,-33.8548157,151.2164539
37,38,Cork, Ireland,87.44,51.898627,-8.4705942
38,39,Osaka, Japan,87.38,34.6198813,135.490357
39,40,Darwin, Australia,86.89,-12.46044,130.8410469
40,41,Uppsala, Sweden,86.74,59.8586126,17.6387436
41,42,Antibes, France,86.17,43.5836,7.10905
42,43,Odense, Denmark,86.13,55.3997225,10.3852104
43,44,London, United Kingdom,85.8,51.5073219,-0.1276474
44,45,Haifa, Israel,85.7,32.8191218,34.9983856
45,46,Jerusalem, Israel,85.61,31.7788242,35.2257626
46,47,Utrecht, Netherlands,85.47,52.0949753,5.109708
47,48,Galway, Ireland,85.45,53.2744122,-9.0490632
48,49,Newcastle, Australia,85.26,-32.9272881,151.7812534
49,50,Singapore, Singapore,85.19,1.2904753,103.8520359
50,51,Washington, DC,84.97,38.8949924,-77.0365581
51,52,Milan, Italy,84.88,45.4668,9.1905
52,53,Auckland, New Zealand,84.4,-36.852095,174.7631803
53,54,Breda, Netherlands,83.95,51.5887845,4.7760237
54,55,Brisbane, Australia,83.91,-27.5909632,153.1113098
55,56,Perth, Australia,83.79,-31.9527121,115.8604796
56,57,Beirut, Lebanon,83.72,33.8959203,35.47843
57,58,Jersey City, NJ,83.63,40.7281575,-74.0776417
58,59,Canberra, Australia,83.54,-35.2975906,149.1012676
59,60,Eindhoven, Netherlands,83.53,51.4392648,5.478633
60,61,Lyon, France,83.52,45.7578137,4.8320114
61,62,Nice, France,83.21,43.7009358,7.2683912
62,63,Strasbourg, France,83.14,48.584614,7.7507127
63,64,Valletta, Malta,83.03,35.8989818,14.5136759
64,65,Bend, OR,82.92,44.0581728,-121.3153096
65,66,Helsinki, Finland,82.88,60.1674881,24.9427473
66,67,Lund, Sweden,82.71,55.7029296,13.1929449
67,68,Munich, Germany,82.66,48.1371079,11.5753822
68,69,Minneapolis, MN,82.6,44.9772995,-93.2654692
69,70,Los Angeles, CA,82.28,34.0536909,-118.242766
70,71,Oulu, Finland,82.26,65.0118734,25.4716809
71,72,Gold Coast, Australia,82.05,-35.4187668,138.3254074
72,73,Marseille, France,81.86,43.2961743,5.3699525
73,74,Rennes, France,81.86,48.1113387,-1.6800198
74,75,Linz, Austria,81.81,48.3059078,14.286198
75,76,Groningen, Netherlands,81.8,53.2190652,6.5680077
76,77,Haarlem, Netherlands,81.68,52.3885317,4.6388048
77,78,Chicago, IL,81.63,41.8755616,-87.6244212
78,79,Fremont, CA,81.53,49.2850624,-123.1358175
79,80,Leiden, Netherlands,81.51,52.1598645,4.4824271
80,81,Montpellier, France,81.38,43.6112422,3.8767337
81,82,Charleston, SC,81.25,32.7876012,-79.9402728
82,83,Melbourne, Australia,81.15,-37.8142176,144.9631608
83,84,Leuven, Belgium,80.98,50.879202,4.7011675
84,85,Brighton, United Kingdom,80.95,50.8214626,-0.1400561
85,86,Gothenburg, Sweden,80.89,57.7072326,11.9670171
86,87,Genoa, Italy,80.86,44.40726,8.9338624
87,88,Peterborough, United Kingdom,80.75,52.5725769,-0.2427336
88,89,San Diego, CA,80.69,32.7174202,-117.1627728
89,90,Milwaukee, WI,80.66,43.0349931,-87.922497
90,91,Gent, Belgium,80.63,51.0538286,3.7250121
91,92,Fort Lauderdale, FL,80.6,26.1223084,-80.1433786
92,93,Hamilton, New Zealand,80.58,-37.7878809,175.281788
93,94,Graz, Austria,80.46,47.0708678,15.4382786
94,95,Toulouse, France,80.32,43.6044622,1.4442469
95,96,Sliema, Malta,80.28,35.9127609,14.5020708
96,97,Antwerp, Belgium,80.25,51.2211097,4.3997081
97,98,Christchurch, New Zealand,80.25,-43.530955,172.6366455
98,99,Brescia, Italy,80.17,45.7795804,10.425873
99,100,Bergamo, Italy,80.12,45.7566557,9.7542192
100,101,Grenoble, France,79.97,45.1875602,5.7357819
101,102,Hong Kong, Hong Kong,79.95,22.2793278,114.1628131
102,103,Saint Paul, MN,79.83,44.9504037,-93.1015026
103,104,Brussels, Belgium,79.76,50.8465573,4.351697
104,105,Salzburg, Austria,79.65,47.7981346,13.0464806
105,106,Rome, Italy,79.63,41.8933203,12.4829321
106,107,Nijmegen, Netherlands,79.61,51.8474946,5.8637771
107,108,Adelaide, Australia,79.53,-34.9281805,138.5999312
108,109,Maastricht, Netherlands,79.39,50.8512438,5.6909768
109,110,Tampa, FL,79.17,27.9477595,-82.458444
110,111,San Jose, CA,79.14,37.3361905,-121.890583
111,112,Espoo, Finland,79.11,60.2241869,24.6603626
112,113,Irvine, CA,79.09,49.9584438,-110.27326
113,114,Malmo, Sweden,79.07,55.6052931,13.0001566
114,115,Limerick, Ireland,79.0,52.661252,-8.6301239
115,116,Philadelphia, PA,78.88,39.9527237,-75.1635262
116,117,Rotterdam, Netherlands,78.88,51.9228958,4.4631727
117,118,Portland, OR,78.8,45.5202471,-122.6741949
118,119,Pittsburgh, PA,78.74,40.4416941,-79.9900861
119,120,Tampere, Finland,78.52,61.4980214,23.7603118
120,121,Parma, Italy,78.36,44.8013678,10.3280833
121,122,Wellington, New Zealand,78.2,-41.2887953,174.7772114
122,123,Nantes, France,77.92,47.2186371,-1.5541362
123,124,Bologna, Italy,77.81,44.4937577,11.3430308
124,125,Dresden, Germany,77.68,51.0493286,13.7381437
125,126,Miami, FL,77.67,25.7741728,-80.19362
126,127,Florence, Italy,77.56,43.7698712,11.2555757
127,128,Hobart, Australia,77.55,-42.8825088,147.3281233
128,129,Turku, Finland,77.3,60.4517531,22.2670522
129,130,Sacramento, CA,77.25,38.5810606,-121.4938951
130,131,Kingston, Canada,77.13,44.230687,-76.481323
131,132,Charlotte, NC,76.83,35.2272086,-80.8430827
132,133,New Orleans, LA,76.8,29.9499323,-90.0701156
133,134,Atlanta, GA,76.77,33.7489924,-84.3902644
134,135,Cleveland, OH,76.77,41.5051613,-81.6934446
135,136,Heidelberg, Germany,76.54,49.4093582,8.694724
136,137,Burnaby, Canada,76.42,49.2433804,-122.9725459
137,138,Trieste, Italy,76.13,45.6504806,13.7931263
138,139,Milton Keynes, United Kingdom,76.08,52.0429797,-0.7589607
139,140,Delft, Netherlands,76.07,52.0114017,4.35839
140,141,Toronto, Canada,76.0,43.6534817,-79.3839347
141,142,Red Deer, Canada,75.98,52.2697395,-113.8181766
142,143,Frankfurt, Germany,75.91,50.1106444,8.6820917
143,144,Everett, WA,75.87,47.9673056,-122.2013998
144,145,Enschede, Netherlands,75.83,52.2209855,6.8940537
145,146,Saint John's, Canada,75.77,47.561701,-52.715149
146,147,Edinburgh, United Kingdom,75.66,55.9533456,-3.1883749
147,148,Verona, Italy,75.63,45.4384958,10.9924122
148,149,Bonn, Germany,75.61,50.735851,7.10066
149,150,Augsburg, Germany,75.61,48.3668041,10.8986971
150,151,Lille, France,75.59,50.6365654,3.0635282
151,152,Vancouver, Canada,75.55,49.2608724,-123.1139529
152,153,Reading, United Kingdom,75.5,51.456659,-0.9696512
153,154,Halifax, Canada,75.4,44.648618,-63.5859487
154,155,Fredericton, Canada,75.2,45.966425,-66.645813
155,156,Surrey, Canada,75.16,49.1913033,-122.8491439
156,157,York, United Kingdom,74.99,53.9590555,-1.0815361
157,158,Birmingham, AL,74.96,33.5206824,-86.8024326
158,159,Bristol, United Kingdom,74.95,51.4538022,-2.5972985
159,160,Cambridge, United Kingdom,74.93,52.2034823,0.1235817
160,161,Mannheim, Germany,74.73,49.489591,8.467236
161,162,Hamburg, Germany,74.69,53.550341,10.000654
162,163,Turin, Italy,74.59,45.0677551,7.6824892
163,164,Ann Arbor, MI,74.52,42.2681569,-83.7312291
164,165,Nuremberg, Germany,74.21,49.453872,11.077298
165,166,Rochester, NY,74.1,43.157285,-77.615214
166,167,Denver, CO,74.1,39.7392364,-104.9848623
167,168,The Hague (Den Haag), Netherlands,74.06,52.0799838,4.3113461
168,169,Bellingham, WA,74.05,48.7544012,-122.4788361
169,170,Aberdeen, United Kingdom,74.05,57.1482429,-2.0928095
170,171,Erlangen, Germany,74.01,49.5981187,11.003645
171,172,Swansea, United Kingdom,73.94,51.6195955,-3.9459248
172,173,Stuttgart, Germany,73.89,48.7784485,9.1800132
173,174,Cologne, Germany,73.85,50.938361,6.959974
174,175,Victoria, Canada,73.85,48.4283182,-123.3649533
175,176,Spokane, WA,73.6,47.6571934,-117.4235106
176,177,Colorado Springs, CO,73.56,38.8339578,-104.8253485
177,178,Calgary, Canada,73.56,51.0534234,-114.0625892
178,179,Baltimore, MD,73.54,39.2908816,-76.610759
179,180,Berlin, Germany,73.54,52.5170365,13.3888599
180,181,Nashville, TN,73.36,36.1622296,-86.7743531
181,182,Dusseldorf, Germany,73.35,51.2254018,6.7763137
182,183,Edmonton, Canada,73.06,53.535411,-113.507996
183,184,Oxford, United Kingdom,73.05,51.7520131,-1.2578499
184,185,Portsmouth, United Kingdom,72.91,50.8036831,-1.075614
185,186,Columbus, OH,72.87,39.9622601,-83.0007065
186,187,Buffalo, NY,72.84,42.8867166,-78.8783922
187,188,Guelph, Canada,72.65,43.5460516,-80.2493276
188,189,Albany, NY,72.35,42.6511674,-73.754968
189,190,Vienna, Austria,72.31,48.2083537,16.3725042
190,191,Winnipeg, Canada,72.29,49.8955367,-97.1384584
191,192,Coventry, United Kingdom,72.2,52.4081812,-1.510477
192,193,Lincoln, United Kingdom,72.12,53.2336301,-0.5392172
193,194,Plymouth, United Kingdom,72.09,50.3712659,-4.1425658
194,195,Regina, Canada,71.85,50.44876,-104.61731
195,196,Nottingham, United Kingdom,71.82,52.9534193,-1.1496461
196,197,Southampton, United Kingdom,71.72,50.9025349,-1.404189
197,198,Mississauga, Canada,71.7,43.5896231,-79.6443879
198,199,Manchester, United Kingdom,71.63,53.4794892,-2.2451148
199,200,Ottawa, Canada,71.61,45.421106,-75.690308
200,201,Dortmund, Germany,71.56,51.5142273,7.4652789
201,202,Freiburg im Breisgau, Germany,71.5,47.9960901,7.8494005
202,203,San Juan, Puerto Rico,71.5,18.465299,-66.116666
203,204,Olympia, WA,71.36,47.0451022,-122.8950075
204,205,Macao, Macao,71.31,39.5670954,-7.9917166
205,206,Riverside, CA,71.31,50.481292,-108.2892248
206,207,Saskatoon, Canada,71.3,52.131802,-106.660767
207,208,Omaha, NE,71.19,41.2587459,-95.9383758
208,209,Raleigh, NC,71.16,35.7803977,-78.6390989
209,210,Exeter, United Kingdom,71.09,50.725562,-3.5269108
210,211,Nanaimo, BC,71.05,49.163877,-123.938122
211,212,Birmingham, United Kingdom,70.82,52.4796992,-1.9026911
212,213,Padova, Italy,70.76,45.4077172,11.8734455
213,214,Brampton, Canada,70.32,43.6858146,-79.7599337
214,215,Orlando, FL,70.06,28.5421109,-81.3790304
215,216,Naples, Italy,69.91,40.8359336,14.2487826
216,217,Derby, United Kingdom,69.88,52.9212617,-1.4761491
217,218,Nicosia, Cyprus,69.74,35.1739302,33.364726
218,219,Norwich, United Kingdom,69.66,52.628606,1.29227
219,220,Glasgow, United Kingdom,69.66,55.8609825,-4.2488787
220,221,Limassol, Cyprus,69.64,34.6852901,33.0332657
221,222,Las Vegas, NV,69.61,36.1672559,-115.1485163
222,223,Vancouver, WA,69.42,45.6306954,-122.6744557
223,224,Cagliari, Italy,69.35,39.2169525,9.1128513
224,225,Detroit, MI,69.34,42.3315509,-83.0466403
225,226,Jacksonville, FL,69.31,30.3321838,-81.655651
226,227,Markham, Canada,69.27,43.8563707,-79.3376825
227,228,Karlsruhe, Germany,69.24,49.0068705,8.4034195
228,229,North Vancouver, Canada,69.23,49.3206294,-123.0737925
229,230,Coquitlam, Canada,69.16,49.2842958,-122.793281
230,231,Liverpool, United Kingdom,69.1,53.407154,-2.991665
231,232,Cardiff, United Kingdom,69.1,51.4816546,-3.1791934
232,233,Fort Worth, TX,69.08,32.753177,-97.3327459
233,234,Darmstadt, Germany,69.08,49.872775,8.651177
234,235,Dundee, United Kingdom,69.07,56.4605938,-2.97019
235,236,Hanover, Germany,68.72,52.3744779,9.7385532
236,237,Kansas City, MO,68.7,39.100105,-94.5781416
237,238,Montreal, Canada,68.69,45.4972159,-73.6103642
238,239,Madison, WI,68.68,43.074761,-89.3837613
239,240,Bremen, Germany,68.57,53.0758196,8.8071646
240,241,Leicester, United Kingdom,68.51,52.6361398,-1.1330789
241,242,Hamilton, Canada,68.39,43.2560802,-79.8728583
242,243,Essen, Germany,68.22,51.4582235,7.0158171
243,244,Saint Louis, MO,68.16,38.6264178,-90.1998378
244,245,Richmond, VA,68.14,37.5385087,-77.43428
245,246,Bilbao, Spain,68.05,43.2630018,-2.9350039
246,247,Quebec City, Canada,67.92,46.8259601,-71.2352226
247,248,Fresno, CA,67.66,36.7394421,-119.7848307
248,249,Zadar, Croatia,67.51,44.1186078,15.232136
249,250,Barcelona, Spain,67.47,41.3828939,2.1774322
250,251,Stoke-on-Trent, United Kingdom,67.38,53.0162014,-2.1812607
251,252,Eugene, OR,67.32,44.0505054,-123.0950506
252,253,Sheffield, United Kingdom,67.24,53.3806626,-1.4702278
253,254,Lincoln, NE,67.16,40.8088861,-96.7077751
254,255,Aachen, Germany,67.14,50.776351,6.083862
255,256,Newcastle upon Tyne, United Kingdom,67.13,54.9738474,-1.6131572
256,257,Des Moines, IA,67.04,41.5910323,-93.6046655
257,258,Kitchener, Canada,67.04,43.451291,-80.4927815
258,259,Dubai, United Arab Emirates,67.02,25.2047397,55.2707065
259,260,Louisville, KY,66.93,38.2542376,-85.759407
260,261,Indianapolis, IN,66.83,39.779801,-86.1394092
261,262,Kelowna, Canada,66.72,49.887931,-119.496162
262,263,Knoxville, TN,66.71,35.9603948,-83.9210261
263,264,Taipei, Taiwan,66.68,25.0375198,121.5636796
264,265,Madrid, Spain,66.61,40.4167047,-3.7035825
265,266,Tucson, AZ,66.57,32.2228765,-110.9748477
266,267,Leipzig, Germany,66.55,51.3406321,12.3747329
267,268,Bournemouth, United Kingdom,66.51,50.7446732,-1.8579577
268,269,London, Canada,66.43,42.9836747,-81.2496068
269,270,Reno, NV,66.41,39.5261206,-119.8126581
270,271,Phoenix, AZ,66.39,33.4484367,-112.0741417
271,272,Houston, TX,66.39,29.7589382,-95.3676974
272,273,Baton Rouge, LA,66.21,30.4459596,-91.18738
273,274,Leeds, United Kingdom,66.0,53.7974185,-1.5437941
274,275,Akron, OH,65.97,41.083064,-81.518485
275,276,Belfast, United Kingdom,65.78,54.5964411,-5.9302761
276,277,Albuquerque, NM,65.37,35.0841034,-106.6509851
277,278,Windsor, Canada,65.22,42.317099,-83.0353434
278,279,Huntsville, AL,65.11,34.729847,-86.5859011
279,280,Dallas, TX,64.9,32.7762719,-96.7968559
280,281,Kingston upon Hull, United Kingdom,64.82,53.7435722,-0.3394758
281,282,Little Rock, AR,64.5,34.7464809,-92.2895948
282,283,Doha, Qatar,64.49,25.2856329,51.5264162
283,284,Oklahoma City, OK,64.32,35.4729886,-97.5170536
284,285,San Antonio, TX,64.26,29.4246002,-98.4951405
285,286,Salt Lake City, UT,64.19,40.7596198,-111.8867975
286,287,Tulsa, OK,64.11,36.1556805,-95.9929113
287,288,Catania, Italy,63.84,37.5022355,15.08738
288,289,Boise, ID,63.84,43.6166163,-116.200886
289,290,Larnaca, Cyprus,63.63,34.9236095,33.6236184
290,291,Thessaloniki, Greece,63.52,40.6403167,22.9352716
291,292,Cincinnati, OH,63.45,39.1014537,-84.5124602
292,293,Austin, TX,63.13,30.2711286,-97.7436995
293,294,Ljubljana, Slovenia,63.01,46.0499803,14.5068602
294,295,Palma de Mallorca, Spain,62.94,39.5695818,2.6500745
295,296,Chattanooga, TN,62.78,35.0457219,-85.3094883
296,297,Memphis, TN,62.72,35.1490215,-90.0516285
297,298,Kaohsiung, Taiwan,62.61,22.6203348,120.3120375
298,299,Athens, Greece,62.49,37.9839412,23.7283052
299,300,Bari, Italy,61.84,41.1257843,16.8620293
300,301,Zaragoza (Saragossa), Spain,61.65,41.6521342,-0.8809428
301,302,Palermo, Italy,61.6,38.1112268,13.3524434
302,303,Heraklion, Greece,61.53,35.3400127,25.1343475
303,304,Patras, Greece,61.17,38.246242,21.7350847
304,305,Granada, Spain,61.03,37.183054,-3.6021928
305,306,Rijeka, Croatia,60.96,45.3271752,14.4412309
306,307,Wichita, KS,60.95,37.6922361,-97.3375448
307,308,Lexington, KY,60.12,38.0464066,-84.4970393
308,309,Tallinn, Estonia,60.08,59.4372155,24.7453688
309,310,Abu Dhabi, United Arab Emirates,59.81,24.4538352,54.3774014
310,311,Port of Spain, Trinidad And Tobago,59.49,10.6572678,-61.5180173
311,312,Split, Croatia,59.45,43.5116383,16.4399659
312,313,Makati, Philippines,59.36,14.5568853,121.023532
313,314,Addis Ababa, Ethiopia,59.32,9.0107934,38.7612525
314,315,Male, Maldives,59.19,4.1779879,73.5107387
315,316,Panama City, Panama,58.29,8.9714493,-79.5341802
316,317,Seville (Sevilla), Spain,58.12,37.3886303,-5.9953403
317,318,Manama, Bahrain,58.12,26.2235041,50.5822436
318,319,Harare, Zimbabwe,57.6,-17.831773,31.045686
319,320,Malaga, Spain,57.32,36.7213028,-4.4216366
320,321,Alicante, Spain,57.28,38.353738,-0.4901846
321,322,Maribor, Slovenia,57.16,46.5576439,15.6455854
322,323,Murcia, Spain,56.91,37.9923795,-1.1305431
323,324,Tartu, Estonia,56.44,58.3801207,26.72245
324,325,Abidjan, Ivory Coast,56.42,5.320357,-4.016107
325,326,Santa Cruz de Tenerife, Spain,56.39,28.469648,-16.2540884
326,327,Riga, Latvia,56.27,56.9493977,24.1051846
327,328,Paphos, Cyprus,56.2,34.7743988,32.4231586
328,329,Valencia, Spain,56.19,39.4697065,-0.3763353
329,330,Funchal, Portugal,56.19,32.6496497,-16.9086783
330,331,Ajman, United Arab Emirates,56.08,25.3936557,55.4451432
331,332,Bangkok, Thailand,55.94,13.7544238,100.4930399
332,333,Lisbon, Portugal,55.66,38.7077507,-9.1365919
333,334,Zagreb, Croatia,55.54,45.8131847,15.9771774
334,335,Havana, Cuba,55.48,23.135305,-82.3589631
335,336,El Paso, TX,55.45,31.7754152,-106.464634
336,337,Kingston, Jamaica,55.15,17.9712148,-76.7928128
337,338,Porto, Portugal,54.85,41.1494512,-8.6107884
338,339,Amman, Jordan,54.68,31.9515694,35.9239625
339,340,Braga, Portugal,54.17,41.5510583,-8.4280045
340,341,Prague, Czech Republic,54.05,50.0874654,14.4212535
341,342,Bratislava, Slovakia,53.12,48.1516988,17.1093063
342,343,Sharjah, United Arab Emirates,52.98,25.3461498,55.4210633
343,344,Shanghai, China,52.9,31.2322758,121.4692071
344,345,San Jose, Costa Rica,52.88,9.9325427,-84.0795782
345,346,Coimbra, Portugal,52.41,40.2109801,-8.4292057
346,347,Riyadh, Saudi Arabia,52.31,24.638916,46.7160104
347,348,Muscat, Oman,52.23,23.5882019,58.3829448
348,349,Pattaya, Thailand,52.09,12.931941,100.9009534
349,350,Phuket, Thailand,51.94,7.9366015,98.3529292
350,351,Klaipeda, Lithuania,51.82,55.7127529,21.1350469
351,352,Jeddah (Jiddah), Saudi Arabia,51.78,21.5810088,39.1653612
352,353,Santiago, Chile,51.25,-33.4377756,-70.6504502
353,354,Aveiro, Portugal,51.21,40.640496,-8.6537841
354,355,Kosice, Slovakia,50.65,48.7172272,21.2496774
355,356,Brno, Czech Republic,50.48,49.1922443,16.6113382
356,357,Montevideo, Uruguay,50.44,-34.9058916,-56.1913095
357,358,Kuwait City, Kuwait,49.91,29.3797091,47.9735629
358,359,Shenzhen, China,49.85,22.555454,114.0543297
359,360,Vilnius, Lithuania,49.43,54.6870458,25.2829111
360,361,Wuhan, China,49.19,30.5951051,114.2999353
361,362,Ad Dammam, Saudi Arabia,49.13,26.4367824,50.1039991
362,363,Suva, Fiji,48.95,-18.1415884,178.4421662
363,364,Kaunas, Lithuania,48.55,54.8982139,23.9044817
364,365,Paramaribo, Suriname,48.48,5.8216091,-55.1770432
365,366,Warsaw, Poland,48.46,52.2319581,21.0067249
366,367,Osijek, Croatia,48.03,45.5548719,18.6953719
367,368,Phnom Penh, Cambodia,47.97,11.568271,104.9224426
368,369,Chiang Mai, Thailand,47.76,18.7882778,98.9868056
369,370,Johannesburg, South Africa,47.58,-26.205,28.049722
370,371,Beijing, China,47.45,39.9020803,116.7185213
371,372,Olomouc, Czech Republic,47.13,49.5940567,17.251143
372,373,Pretoria, South Africa,46.83,-25.7459374,28.1879444
373,374,Budapest, Hungary,46.46,47.4983815,19.0404707
374,375,Gdansk, Poland,46.39,54.347629,18.6452324
375,376,Ostrava, Czech Republic,46.38,49.8349139,18.2820084
376,377,Bali, Indonesia,46.34,-8.235658,115.1223866
377,378,Guatemala City, Guatemala,46.13,14.6222328,-90.5185188
378,379,Chengdu, China,46.12,30.6598628,104.0633717
379,380,San Salvador, El Salvador,45.62,13.6989939,-89.1914249
380,381,Poznan, Poland,45.33,52.4082663,16.9335199
381,382,Gdynia, Poland,45.29,54.5164982,18.5402738
382,383,Krakow (Cracow), Poland,44.67,50.047136,19.8896389
383,384,Sofia, Bulgaria,44.63,42.6978634,23.3221789
384,385,Petaling Jaya, Malaysia,44.57,3.1396463,101.5896374
385,386,Wroclaw, Poland,44.39,51.1089776,17.0326689
386,387,Gaborone, Botswana,44.03,-24.6581357,25.9088474
387,388,Davao, Philippines,44.02,7.0644123,125.6090916
388,389,Quito, Ecuador,43.95,-0.2201641,-78.5123274
389,390,Cape Town, South Africa,43.92,-33.928992,18.417396
390,391,Bucharest, Romania,43.8,44.4361414,26.1027202
391,392,Johor Bahru, Malaysia,43.51,1.4953041,103.7550839
392,393,Manila, Philippines,43.46,14.5907332,120.9809674
393,394,Guangzhou, China,43.42,23.1301964,113.2592945
394,395,Jakarta, Indonesia,43.25,-6.1753942,106.827183
395,396,Belgrade, Serbia,43.22,44.8178131,20.4568974
396,397,Santo Domingo, Dominican Republic,43.14,18.4801972,-69.942111
397,398,Guayaquil, Ecuador,43.06,-2.1900703,-79.8868702
398,399,Podgorica, Montenegro,42.81,42.4415238,19.2621081
399,400,Quezon City, Philippines,42.8,14.6509905,121.0486155
400,401,Tirana, Albania,42.71,41.3268733,19.8187913
401,402,Lodz, Poland,42.68,51.7687323,19.4569911
402,403,Cebu, Philippines,42.54,10.45,123.84
403,404,Szeged, Hungary,42.44,46.2546312,20.1486016
404,405,Marrakech, Morocco,42.2,31.6258257,-7.9891608
405,406,Kuala Lumpur, Malaysia,42.19,3.1516964,101.6942371
406,407,Accra, Ghana,41.97,5.5600141,-0.2057437
407,408,Banja Luka, Bosnia And Herzegovina,41.97,44.7720845,17.1917651
408,409,Debrecen, Hungary,41.97,47.531399,21.6259782
409,410,Varna, Bulgaria,41.87,43.2069025,27.9150855
410,411,Cluj-Napoca, Romania,41.73,46.769379,23.5899542
411,412,Durban, South Africa,41.66,-29.861825,31.009909
412,413,Plovdiv, Bulgaria,41.64,42.1418541,24.7499297
413,414,Lublin, Poland,41.54,51.250559,22.5701022
414,415,Szczecin, Poland,41.3,53.4301818,14.5509623
415,416,Constanta, Romania,41.28,44.1767161,28.6507598
416,417,Hangzhou, China,41.23,30.2489634,120.2052342
417,418,Moscow, Russia,41.15,55.7504461,37.6174943
418,419,Katowice, Poland,41.12,50.2598987,19.0215852
419,420,Sarajevo, Bosnia And Herzegovina,41.07,43.8519774,18.3866868
420,421,Brasov, Romania,40.91,45.6523093,25.6102746
421,422,Erbil (Irbil), Iraq,40.91,36.1911624,44.0094652
422,423,Yangon, Myanmar,40.85,16.7967129,96.1609916
423,424,Penang, Malaysia,40.83,5.4065013,100.2559077
424,425,Burgas, Bulgaria,40.71,42.4466,27.2062069
425,426,Tangier, Morocco,40.52,35.777103,-5.803792
426,427,Mexico City, Mexico,40.22,19.4326296,-99.1331785
427,428,Novi Sad, Serbia,40.09,45.2551338,19.8451756
428,429,Casablanca, Morocco,39.98,33.5950627,-7.6187768
429,430,Tehran, Iran,39.88,35.6892523,51.3896004
430,431,Baghdad, Iraq,39.77,33.3024309,44.3787992
431,432,Iasi, Romania,39.66,47.1615341,27.5836142
432,433,Monterrey, Mexico,39.6,25.6802019,-100.3152586
433,434,Lima, Peru,39.45,-12.0621065,-77.0365256
434,435,Sibiu, Romania,39.35,45.7973912,24.1519202
435,436,Vladivostok, Russia,39.18,43.1150678,131.8855768
436,437,Ho Chi Minh City, Vietnam,39.13,10.7758439,106.7017555
437,438,Oradea, Romania,38.95,47.0549163,21.9285231
438,439,Timisoara, Romania,38.82,45.7538355,21.2257474
439,440,La Paz, Bolivia,38.8,-16.4955455,-68.1336229
440,441,As Sulaymaniyah, Iraq,38.3,35.666667,45.5
441,442,Sao Paulo, Brazil,38.22,-23.5506507,-46.6333824
442,443,Rabat, Morocco,38.21,34.022405,-6.834543
443,444,Skopje, North Macedonia,38.04,41.9960924,21.4316495
444,445,Arad, Romania,38.0,46.1753793,21.3196342
445,446,Nairobi, Kenya,37.92,-1.2832533,36.8172449
446,447,Da Nang, Vietnam,37.9,16.068,108.212
447,448,Hanoi, Vietnam,37.82,21.0294498,105.8544441
448,449,Tijuana, Mexico,37.81,32.5010188,-116.9646629
449,450,Maputo, Mozambique,37.43,-25.966213,32.56745
450,451,Surabaya, Indonesia,37.38,-7.2459717,112.7378266
451,452,Dar es Salaam, Tanzania,37.38,-6.8160837,39.2803583
452,453,Craiova, Romania,37.36,44.3190159,23.7965614
453,454,Cancun, Mexico,37.2,21.1617854,-86.8510468
454,455,Bandung, Indonesia,37.1,-6.9344694,107.6049539
455,456,Merida, Mexico,36.58,20.9670759,-89.6237402
456,457,Agadir, Morocco,36.48,30.4211144,-9.5830626
457,458,Lagos, Nigeria,36.43,6.4550575,3.3941795
458,459,Campinas, Brazil,36.42,-22.90556,-47.06083
459,460,Queretaro, Mexico,36.26,20.8542575,-99.84756
460,461,Saint Petersburg, Russia,36.11,59.938732,30.316229
461,462,Puerto Vallarta, Mexico,35.98,20.6407176,-105.220306
462,463,Kampala, Uganda,35.85,0.3177137,32.5813539
463,464,Nis, Serbia,35.51,43.3211301,21.8959232
464,465,Aguascalientes, Mexico,35.47,22.0000001,-102.5000001
465,466,Brasilia, Brazil,35.35,-10.3333333,-53.2
466,467,Cuenca, Ecuador,35.27,-2.8970399,-79.0039477
467,468,Dhaka, Bangladesh,34.93,23.810651,90.4126466
468,469,Rio de Janeiro, Brazil,34.93,-22.9110137,-43.2093727
469,470,Yerevan, Armenia,34.89,40.1776121,44.5125849
470,471,Buenos Aires, Argentina,34.81,-34.6075682,-58.4370894
471,472,Guadalajara, Mexico,34.68,20.6720375,-103.3383962
472,473,Colombo, Sri Lanka,34.58,6.9349969,79.8538463
473,474,Yogyakarta, Indonesia,34.51,-7.9778384,110.3672257
474,475,Kigali, Rwanda,34.49,-1.950851,30.061507
475,476,Al Marsa, Tunisia,34.16,36.9001395,10.3006474
476,477,Bogota, Colombia,34.0,4.6533326,-74.083652
477,478,Florianopolis, Brazil,33.98,-27.5973002,-48.5496098
478,479,Chisinau, Moldova,33.97,47.0245117,28.8322923
479,480,Nizhny Novgorod, Russia,33.77,56.328571,44.003506
480,481,Tyumen, Russia,33.7,57.153534,65.542274
481,482,Belo Horizonte, Brazil,33.68,-19.9227318,-43.9450948
482,483,Porto Alegre, Brazil,33.51,-30.0324999,-51.2303767
483,484,Irkutsk, Russia,33.45,52.289597,104.280586
484,485,Istanbul, Turkey,33.45,41.0096334,28.9651646
485,486,Fortaleza, Brazil,33.16,-3.7304512,-38.5217989
486,487,Samara, Russia,33.14,53.198627,50.113987
487,488,Ulaanbaatar, Mongolia,33.11,47.9184676,106.9177016
488,489,Recife, Brazil,33.08,-8.0584933,-34.8848193
489,490,Zapopan, Mexico,33.03,20.7211203,-103.3913671
490,491,Puebla, Mexico,32.9,18.833333,-98.0
491,492,Gurgaon, India,32.87,28.4282624,77.0027001
492,493,Chittagong, Bangladesh,32.83,22.3307998,91.8412863
493,494,Minsk, Belarus,32.71,53.902334,27.5618791
494,495,Damascus, Syria,32.59,33.5130695,36.3095814
495,496,Baku, Azerbaijan,32.55,40.3754434,49.8326748
496,497,Cairo, Egypt,32.54,30.0443879,31.2357257
497,498,Kaliningrad, Russia,32.5,54.710128,20.5105838
498,499,Rostov-na-donu, Russia,32.43,47.2213858,39.7114196
499,500,Astana (Nur-Sultan), Kazakhstan,32.39,51.1282205,71.4306682
500,501,Kiev (Kyiv), Ukraine,32.37,50.4296064,30.5422094
501,502,Krasnoyarsk, Russia,32.33,63.3233807,97.0979974
502,503,Novosibirsk, Russia,32.15,55.0282171,82.9234509
503,504,Medellin, Colombia,32.12,6.2443382,-75.573553
504,505,Curitiba, Brazil,32.12,-25.4295963,-49.2712724
505,506,Barranquilla, Colombia,32.11,10.9799669,-74.8013085
506,507,Tunis, Tunisia,32.04,33.8439408,9.400138
507,508,Natal, Brazil,31.79,-5.805398,-35.2080905
508,509,Ufa, Russia,31.66,54.7261409,55.947499
509,510,Yekaterinburg, Russia,31.64,56.839104,60.60825
510,511,Odessa (Odesa), Ukraine,31.48,46.4873195,30.7392776
511,512,Perm, Russia,31.35,58.014965,56.246723
512,513,Omsk, Russia,31.34,54.991375,73.371529
513,514,Voronezh, Russia,31.2,51.6605982,39.2005858
514,515,Krasnodar, Russia,31.16,45.0352566,38.9764814
515,516,Goiania, Brazil,31.15,-16.680882,-49.2532691
516,517,Asuncion, Paraguay,31.02,-25.2800459,-57.6343814
517,518,Kathmandu, Nepal,31.0,27.708317,85.3205817
518,519,Lusaka, Zambia,30.87,-15.4164488,28.2821535
519,520,Algiers, Algeria,30.77,36.7753606,3.0601882
520,521,Kazan, Russia,30.6,55.7823547,49.1242266
521,522,Volgograd, Russia,30.56,48.7081906,44.5153353
522,523,Ankara, Turkey,30.5,39.9207486,32.8540093
523,524,Salvador, Brazil,30.47,-12.9822499,-38.4812772
524,525,Saratov, Russia,30.45,51.530018,46.034683
525,526,Izmir, Turkey,30.28,38.4147331,27.1434119
526,527,Tomsk, Russia,30.21,58.6124279,82.0475315
527,528,Kharkiv, Ukraine,30.2,49.9902794,36.2303893
528,529,Bursa, Turkey,30.15,40.1827657,29.0677305
529,530,Chandigarh, India,30.12,30.7334421,76.7797143
530,531,Chelyabinsk, Russia,30.12,55.1598408,61.4025547
531,532,Mumbai, India,30.06,19.0759899,72.8773928
532,533,Almaty, Kazakhstan,30.02,43.2363924,76.9457275
533,534,Cali, Colombia,29.65,3.4517923,-76.5324943
534,535,Lviv, Ukraine,29.54,49.841952,24.0315921
535,536,Mykolaiv, Ukraine,29.48,46.9748765,31.9861241
536,537,Dnipro, Ukraine,29.29,48.4680221,35.0417711
537,538,Izhevsk, Russia,29.18,56.866557,53.2094166
538,539,Pristina, Kosovo (Disputed Territory),29.08,42.67272,21.16688
539,540,Goa, India,28.92,15.3004543,74.0855134
540,541,Bucaramanga, Colombia,28.87,7.1114611,-73.1172869
541,542,Alexandria, Egypt,28.79,31.199004,29.894378
542,543,Antalya, Turkey,28.74,36.9009641,30.6954846
543,544,Tbilisi, Georgia,28.74,41.6934591,44.8014495
544,545,Noida, India,28.44,28.5356329,77.3910727
545,546,Vinnytsia, Ukraine,28.42,49.2320162,28.467975
546,547,Zaporizhzhya, Ukraine,28.35,47.8507859,35.1182867
547,548,Ivano-Frankivsk, Ukraine,27.93,48.9225224,24.7103188
548,549,Tashkent, Uzbekistan,27.9,41.3123363,69.2787079
549,550,Delhi, India,27.88,28.6517178,77.2219388
550,551,Bangalore, India,27.86,12.9791198,77.5912997
551,552,Batumi, Ajara,27.59,41.6401956,41.6283444
552,553,Ranchi, India,27.34,23.3700354,85.3250132
553,554,Ghaziabad, India,27.19,28.711241,77.4445372
554,555,Ternopil, Ukraine,26.92,49.5557716,25.591886
555,556,Thane, India,26.91,19.1943294,72.9701779
556,557,Guwahati, India,26.87,26.1805978,91.753943
557,558,Hyderabad, India,26.81,17.3887859,78.4610647
558,559,Sumy, Ukraine,26.77,50.9070007,34.798386
559,560,Ahmedabad, India,26.57,23.0216238,72.5797068
560,561,Kolkata, India,26.49,22.5726723,88.3638815
561,562,Pune, India,26.46,18.521428,73.8544541
562,563,Navi Mumbai, India,26.42,19.0308262,73.0198537
563,564,Chennai, India,26.03,13.0836939,80.270186
564,565,Surat, India,24.8,21.1864607,72.8081281
565,566,Patna, India,24.65,25.6093239,85.1235252
566,567,Indore, India,24.62,22.7203616,75.8681996
567,568,Jaipur, India,24.61,26.9154576,75.8189817
568,569,Vadodara, India,24.6,22.2973142,73.1942567
569,570,Rawalpindi, Pakistan,24.52,33.5914237,73.0535122
570,571,Nagpur, India,24.3,21.1498134,79.0820556
571,572,Coimbatore, India,24.28,11.0018115,76.9628425
572,573,Lucknow (Lakhnau), India,24.02,26.8381,80.9346001
573,574,Islamabad, Pakistan,23.94,33.6938118,73.0651511
574,575,Madurai, India,23.65,9.9261153,78.1140983
575,576,Bishkek, Kyrgyzstan,23.53,42.8765615,74.6070079
576,577,Kochi, India,23.4,9.931308,76.2674136
577,578,Rajkot, India,23.39,22.3051991,70.8028335
578,579,Vijayawada, India,23.36,16.5087586,80.6185102
579,580,Kozhikode (Calicut), India,22.91,11.2459092,75.7803858
580,581,Mysore, India,22.9,12.3051828,76.6553609
581,582,Bhopal, India,22.8,23.2584857,77.401989
582,583,Raipur, India,22.73,21.2379469,81.6336833
583,584,Lahore, Pakistan,22.68,31.5656822,74.3141829
584,585,Visakhapatnam, India,22.23,17.7231276,83.3012842
585,586,Bhubaneswar, India,22.18,20.2667774,85.8435592
586,587,Karachi, Pakistan,22.04,24.8667795,67.0311286
587,588,Thiruvananthapuram, India,20.76,8.5241122,76.9360573
